metric,value
accuracy,0.9936666666666667
precision,0.9929184023523646
recall,0.9937142857142858
f1,0.9932488609353554
