metric,value
accuracy,0.8373333333333334
precision,0.8786281543100461
recall,0.8171111111111111
f1,0.8349136012209859
