metric,value
accuracy,0.9816666666666667
precision,0.9807607391027112
recall,0.9795238095238095
f1,0.9800220689025497
